Num Topics,Passes,Iterations,Coherence
5,50,100,-1.6609881786364327
10,50,100,-1.6926963155909387
20,50,100,-2.23274273472322
30,50,100,-2.456646476860807
40,50,100,-2.3720305113919125
50,50,100,-2.3450573553987737
60,50,100,-2.424467603766575
70,50,100,-2.394396924546136
80,50,100,-2.292882036431564
90,50,100,-2.281340377764567
100,50,100,-2.2647457941363958
