Num Topics,Passes,Iterations,Coherence
5,50,100,-1.1620576197099193
10,50,100,-1.2736384499672275
15,50,100,-1.1999287235764515
20,50,100,-1.2442886957358574
