Num Topics,Passes,Iterations,Coherence
5,50,100,-1.7130422507337328
10,50,100,-2.245164688579997
20,50,100,-2.323764143066902
30,50,100,-2.758333189365495
40,50,100,-2.6130992257359935
50,50,100,-2.6041544725903374
60,50,100,-2.432920603997483
70,50,100,-2.4580377432668534
80,50,100,-2.421310742172942
90,50,100,-2.338799244620505
100,50,100,-2.276674168561663
