Num Topics,Passes,Iterations,Coherence
2,50,100,-0.7210591614059929
3,50,100,-0.729721392733524
4,50,100,-0.7360106399354505
5,50,100,-0.7385219213596378
6,50,100,-0.7380638791460736
7,50,100,-0.7274586533378767
8,50,100,-0.7360047385963767
9,50,100,-0.7270184743672901
10,50,100,-0.7305145220211046
