Num Topics,Passes,Iterations,Coherence
5,50,100,-1.6765289684765476
10,50,100,-1.8972727015971755
20,50,100,-1.9592221532741732
30,50,100,-1.8926811217413382
40,50,100,-2.065554281350842
50,50,100,-2.0024001365668953
